<?xml version="1.0" encoding="UTF-8"?>
<beans xmlns="http://www.springframework.org/schema/beans"
	xmlns:xsi="http://www.w3.org/2001/XMLSchema-instance"
	xsi:schemaLocation="http://www.springframework.org/schema/beans http://www.springframework.org/schema/beans/spring-beans-2.5.xsd
    http://www.springframework.org/schema/util http://www.springframework.org/schema/util/spring-util-2.5.xsd"
	xmlns:util="http://www.springframework.org/schema/util">

	<bean id="pooledConnectionFactory" class="org.apache.activemq.pool.PooledConnectionFactory">
		<property name="maxConnections" value="10" />
		<property name="maximumActive" value="500" />
		<property name="connectionFactory">
			<ref local="activemqConnectionFactory" />
		</property>
	</bean>
	<bean id="siocQUEUE" class="java.lang.String">
		<constructor-arg value="BCB.SUSTANTIVO.BPM.SIOC.QUEUE" />
	</bean>
	<bean id="siocQUEUE2" class="java.lang.String">
		<constructor-arg value="BCB.SUSTANTIVO.BPM.SIOC.QUEUE2" />
	</bean>
	<bean id="MailDestination" class="org.apache.activemq.command.ActiveMQQueue">
		<constructor-arg value="BCB.SUSTANTIVO.BPM.SIOC.MAIL" />
	</bean>
	<bean id="activemqConFactoryCreator" class="gob.bcb.core.jms.client.ActiveMQConFactoryBean" />

	<bean id="activemqConnectionFactory" factory-bean="activemqConFactoryCreator"
		factory-method="createFromUrlConfig" />

	<bean id="ServiceListener" class="gob.bcb.service.servicioSioc.ServicioSiocListener" />

	<bean id="MailListener" class="gob.bcb.service.servicioSioc.MsgMailListener" />

	<bean id="ServiceDestination" class="org.apache.activemq.command.ActiveMQQueue">
		<constructor-arg ref="siocQUEUE" />
	</bean>
	<bean id="ServiceDestination2" class="org.apache.activemq.command.ActiveMQQueue">
		<constructor-arg ref="siocQUEUE2" />
	</bean>
	<bean id="ServiceListenerContainer" 
		class="org.springframework.jms.listener.DefaultMessageListenerContainer">
		<property name="connectionFactory" ref="pooledConnectionFactory" />
		<property name="destination" ref="ServiceDestination" />
		<property name="concurrentConsumers" value="10" />
		<property name="messageListener" ref="ServiceListener" />
	</bean>
	<bean id="ServiceListenerContainer2"
		class="org.springframework.jms.listener.DefaultMessageListenerContainer">
		<property name="connectionFactory" ref="pooledConnectionFactory" />
		<property name="destination" ref="ServiceDestination2" />
		<property name="concurrentConsumers" value="10" />
		<property name="messageListener" ref="ServiceListener" />
	</bean>
	<bean id="MailListenerContainer"
		class="org.springframework.jms.listener.DefaultMessageListenerContainer">
		<property name="connectionFactory" ref="pooledConnectionFactory" />
		<property name="destination" ref="MailDestination" />
		<property name="concurrentConsumers" value="5" />
		<property name="messageListener" ref="MailListener" />
	</bean>
	
	<bean id="configurationServ" class="gob.bcb.service.commons.ConfigurationServ"></bean>
	<bean id="pathDBConfig" factory-bean="configurationServ" factory-method="pathDbConfig" />
		
	<bean id="ds-factory"
		class="gob.bcb.service.commons.handlerdb.DataSourceManagerFactoryBean" 
		destroy-method="destroy">
		<property name="unitName">
			<value>sioc</value>
		</property>
		<property name="pathFile" ref="pathDBConfig"/>		
	</bean>

	<!-- configuracion de hibernate -->
	<bean id="dataSource" factory-bean="ds-factory" factory-method="createDataSource2" />

	<bean id="sessionFactoryBean"
		class="org.springframework.orm.hibernate3.annotation.AnnotationSessionFactoryBean">
		<property name="dataSource" ref="dataSource" />
		<property name="hibernateProperties">
			<props>
				<prop key="hibernate.dialect">org.hibernate.dialect.InformixDialect</prop>
				<prop key="hibernate.connection.release_mode">after_transaction</prop>
				<prop key="hibernate.show_sql">false</prop>
				<prop key="hibernate.c3p0.min_size">21</prop>				
			</props>
		</property>		

		<property name="annotatedClasses">
			<list>
				<value>gob.bcb.bpm.pruebaCU.SocSolicitante</value>
				<value>gob.bcb.bpm.pruebaCU.SocSolicitudes</value>
				<value>gob.bcb.bpm.pruebaCU.SocDetallessol</value>
				<value>gob.bcb.bpm.pruebaCU.SocDetallessolId</value>
				<value>gob.bcb.bpm.pruebaCU.SocComprobante</value>
				<value>gob.bcb.bpm.pruebaCU.SocRengscomp</value>
				<value>gob.bcb.bpm.pruebaCU.SocRengscompId</value>
				<value>gob.bcb.bpm.pruebaCU.SocEstadistica</value>
				<value>gob.bcb.bpm.pruebaCU.SocOperaciones</value>
				<value>gob.bcb.bpm.pruebaCU.SocEsquemas</value>
				<value>gob.bcb.bpm.pruebaCU.SocRengesq</value>
				<value>gob.bcb.bpm.pruebaCU.SocRengesqPK</value>
				<value>gob.bcb.bpm.pruebaCU.SocDetallesope</value>
				<value>gob.bcb.bpm.pruebaCU.SocHorario</value>
				<value>gob.bcb.bpm.pruebaCU.SocInstrumento</value>				
				<value>gob.bcb.bpm.pruebaCU.SocBolsin</value>
				<value>gob.bcb.bpm.pruebaCU.SocCuentassol</value>
				<value>gob.bcb.bpm.pruebaCU.SocMensajes</value>
				<value>gob.bcb.bpm.pruebaCU.SocDatosmen</value>
				<value>gob.bcb.bpm.pruebaCU.SocDatosmenId</value>
				<value>gob.bcb.bpm.pruebaCU.SocOpecomi</value>
				<value>gob.bcb.bpm.pruebaCU.SocOpecomiId</value>
				<value>gob.bcb.bpm.pruebaCU.SocSolicitudctas</value>
				<value>gob.bcb.bpm.pruebaCU.SocSolicitudctasPK</value>
				<value>gob.bcb.bpm.pruebaCU.SocComitipoope</value>
				<value>gob.bcb.bpm.pruebaCU.SocComitipoopePK</value>
				<value>gob.bcb.bpm.pruebaCU.SocOrdenesPago</value>
				<value>gob.bcb.bpm.pruebaCU.SocFacturas</value>
				<value>gob.bcb.bpm.pruebaCU.SocFacturasId</value>
				<value>gob.bcb.bpm.pruebaCU.GenMoneda</value>
				<value>gob.bcb.bpm.pruebaCU.GenFeriado</value>
				<value>gob.bcb.bpm.pruebaCU.GenFeriadoPK</value>

				<value>gob.bcb.bpm.pruebaCU.SocCuentas</value>
				<value>gob.bcb.bpm.pruebaCU.SocBenefs</value>
				<value>gob.bcb.bpm.pruebaCU.SocBancos</value>
				<value>gob.bcb.bpm.pruebaCU.SocPlazas</value>
				<value>gob.bcb.bpm.pruebaCU.SocSolbenefs</value>
				<value>gob.bcb.bpm.pruebaCU.SocSolbenefsloc</value>
				<value>gob.bcb.bpm.pruebaCU.SocCampos</value>

				<value>gob.bcb.bpm.pruebaCU.SocBenefsloc</value>
				<value>gob.bcb.bpm.pruebaCU.SocBenefsreg</value>				
				<value>gob.bcb.bpm.pruebaCU.SocBenefslocal</value>				
				<value>gob.bcb.bpm.pruebaCU.SocCuentasloc</value>
				<value>gob.bcb.bpm.pruebaCU.SocSolcuentas</value>
				<value>gob.bcb.bpm.pruebaCU.SocUsuariosol</value>
				<value>gob.bcb.bpm.pruebaCU.SocUsuariosolPK</value>
				<value>gob.bcb.bpm.pruebaCU.SocClaves</value>
				<value>gob.bcb.bpm.pruebaCU.SocValorescla</value>
				<value>gob.bcb.bpm.pruebaCU.SocValoresclaPK</value>

				<value>gob.bcb.bpm.pruebaCU.SocCambio</value>
				<value>gob.bcb.bpm.pruebaCU.SocParametros</value>
				<value>gob.bcb.bpm.pruebaCU.SocParticipante</value>
				<value>gob.bcb.bpm.pruebaCU.SocParticipantePK</value>

				<value>gob.bcb.swift.model.SwfMttransfer</value>
				<value>gob.bcb.swift.model.SwfMttransferdet</value>
				<value>gob.bcb.swift.model.SwfMensaje</value>				
				<value>gob.bcb.swift.model.SwfDetmensaje</value>				
				<value>gob.bcb.swift.model.SwfPersonacta</value>
			</list>
		</property>
	</bean>

	<bean id="hibernateDaoSupport" abstract="true"
		class="org.springframework.orm.hibernate3.support.HibernateDaoSupport">
		<property name="sessionFactory" ref="sessionFactoryBean" />
	</bean>

	<!-- Configuracion de Hibernate -->

	<!-- Definicion de Dao's -->

	<bean id="socSolicitudesDao" class="gob.bcb.bpm.pruebaCU.SocSolicitudesDao"
		parent="hibernateDaoSupport" />

	<bean id="socDetallessolDao" class="gob.bcb.bpm.pruebaCU.SocDetallessolDao"
		parent="hibernateDaoSupport" />

	<bean id="socBenefsDao" class="gob.bcb.bpm.pruebaCU.SocBenefsDao"
		parent="hibernateDaoSupport" />

	<bean id="socComprobanteDao" class="gob.bcb.bpm.pruebaCU.SocComprobanteDao"
		parent="hibernateDaoSupport" />

	<bean id="socRengscompDao" class="gob.bcb.bpm.pruebaCU.SocRengscompDao"
		parent="hibernateDaoSupport" />

	<bean id="socCuentassolDao" class="gob.bcb.bpm.pruebaCU.SocCuentassolDao"
		parent="hibernateDaoSupport" />

	<bean id="socOperacionesDao" class="gob.bcb.bpm.pruebaCU.SocOperacionesDao"
		parent="hibernateDaoSupport" />

	<bean id="socDetallesopeDao" class="gob.bcb.bpm.pruebaCU.SocDetallesopeDao"
		parent="hibernateDaoSupport" />

	<bean id="socOpecomiDao" class="gob.bcb.bpm.pruebaCU.SocOpecomiDao"
		parent="hibernateDaoSupport" />

	<bean id="socInstrumentoDao" class="gob.bcb.bpm.pruebaCU.SocInstrumentoDao"
		parent="hibernateDaoSupport" />

	<bean id="socMensajesDao" class="gob.bcb.bpm.pruebaCU.SocMensajesDao"
		parent="hibernateDaoSupport" />

	<bean id="socDatosmenDao" class="gob.bcb.bpm.pruebaCU.SocDatosmenDao"
		parent="hibernateDaoSupport" />

	<bean id="socBenefslocalDao" class="gob.bcb.bpm.pruebaCU.SocBenefslocalDao"
		parent="hibernateDaoSupport" />

	<bean id="socPlantillasolDao" class="gob.bcb.bpm.pruebaCU.SocPlantillasolDao"
		parent="hibernateDaoSupport" />

	<bean id="socBolsinDao" class="gob.bcb.bpm.pruebaCU.SocBolsinDao"
		parent="hibernateDaoSupport" />

	<bean id="socCambioDao" class="gob.bcb.bpm.pruebaCU.SocCambioDao"
		parent="hibernateDaoSupport" />

	<bean id="socParticipanteDao" class="gob.bcb.bpm.pruebaCU.SocParticipanteDao"
		parent="hibernateDaoSupport" />

	<bean id="socFacturasDao" class="gob.bcb.bpm.pruebaCU.SocFacturasDao"
		parent="hibernateDaoSupport" />

	<bean id="socBenefsregDao" class="gob.bcb.bpm.pruebaCU.SocBenefsregDao"
		parent="hibernateDaoSupport" />

	<bean id="socOrdenesPagoDao" class="gob.bcb.bpm.pruebaCU.SocOrdenesPagoDao"
		parent="hibernateDaoSupport" />

	<bean id="socEsquemasDao" class="gob.bcb.bpm.pruebaCU.SocEsquemasDao"
		parent="hibernateDaoSupport" />

	<bean id="socRengesqDao" class="gob.bcb.bpm.pruebaCU.SocRengesqDao"
		parent="hibernateDaoSupport" />

	<bean id="socHorarioDao" class="gob.bcb.bpm.pruebaCU.SocHorarioDao"
		parent="hibernateDaoSupport" />

	<bean id="genMonedaDao" class="gob.bcb.bpm.pruebaCU.GenMonedaDao"
		parent="hibernateDaoSupport" />



	<bean id="socCuentasDao" class="gob.bcb.bpm.pruebaCU.SocCuentasDao"
		parent="hibernateDaoSupport" />

	<bean id="socBancosDao" class="gob.bcb.bpm.pruebaCU.SocBancosDao"
		parent="hibernateDaoSupport" />

	<bean id="socPlazasDao" class="gob.bcb.bpm.pruebaCU.SocPlazasDao"
		parent="hibernateDaoSupport" />

	<bean id="socSolbenefsDao" class="gob.bcb.bpm.pruebaCU.SocSolbenefsDao"
		parent="hibernateDaoSupport" />

	<bean id="socSolbenefslocDao" class="gob.bcb.bpm.pruebaCU.SocSolbenefslocDao"
		parent="hibernateDaoSupport" />

	<bean id="socCamposDao" class="gob.bcb.bpm.pruebaCU.SocCamposDao"
		parent="hibernateDaoSupport" />


	<bean id="socBenefslocDao" class="gob.bcb.bpm.pruebaCU.SocBenefslocDao"
		parent="hibernateDaoSupport" />

	<bean id="socCuentaslocDao" class="gob.bcb.bpm.pruebaCU.SocCuentaslocDao"
		parent="hibernateDaoSupport" />

	<bean id="socSolcuentasDao" class="gob.bcb.bpm.pruebaCU.SocSolcuentasDao"
		parent="hibernateDaoSupport" />

	<bean id="socUsuariosolDao" class="gob.bcb.bpm.pruebaCU.SocUsuariosolDao"
		parent="hibernateDaoSupport" />

	<bean id="socValoresclaDao" class="gob.bcb.bpm.pruebaCU.SocValoresclaDao"
		parent="hibernateDaoSupport" />

	<bean id="socSolicitanteDao" class="gob.bcb.bpm.pruebaCU.SocSolicitanteDao"
		parent="hibernateDaoSupport" />

	<bean id="socSolicitudctasDao" class="gob.bcb.bpm.pruebaCU.SocSolicitudctasDao"
		parent="hibernateDaoSupport" />

	<bean id="factoryDao" class="gob.bcb.bpm.pruebaCU.FactoryDao">
		<property name="sessionFactory" ref="sessionFactoryBean" />
		<property name="daos">
			<map>
				<entry key="socSolicitudesDao" value-ref="socSolicitudesDao" />
				<entry key="socDetallessolDao" value-ref="socDetallessolDao" />
				<entry key="socBenefsDao" value-ref="socBenefsDao" />
				<entry key="socComprobanteDao" value-ref="socComprobanteDao" />
				<entry key="socRengscompDao" value-ref="socRengscompDao" />
				<entry key="socCuentassolDao" value-ref="socCuentassolDao" />
				<entry key="socOperacionesDao" value-ref="socOperacionesDao" />
				<entry key="socDetallesopeDao" value-ref="socDetallesopeDao" />
				<entry key="socOpecomiDao" value-ref="socOpecomiDao" />
				<entry key="socInstrumentoDao" value-ref="socInstrumentoDao" />
				<entry key="socMensajesDao" value-ref="socMensajesDao" />
				<entry key="socDatosmenDao" value-ref="socDatosmenDao" />
				<entry key="socBenefslocalDao" value-ref="socBenefslocalDao" />
				<entry key="socPlantillasolDao" value-ref="socPlantillasolDao" />
				<entry key="socBolsinDao" value-ref="socBolsinDao" />
				<entry key="socCambioDao" value-ref="socCambioDao" />
				<entry key="socParticipanteDao" value-ref="socParticipanteDao" />
				<entry key="socFacturasDao" value-ref="socFacturasDao" />
				<entry key="socBenefsregDao" value-ref="socBenefsregDao" />
				<entry key="socOrdenesPagoDao" value-ref="socOrdenesPagoDao" />
				<entry key="socEsquemasDao" value-ref="socEsquemasDao" />
				<entry key="socRengesqDao" value-ref="socRengesqDao" />
				<entry key="socHorarioDao" value-ref="socHorarioDao" />
				<entry key="genMonedaDao" value-ref="genMonedaDao" />

				<entry key="socCuentasDao" value-ref="socCuentasDao" />
				<entry key="socBancosDao" value-ref="socBancosDao" />
				<entry key="socPlazasDao" value-ref="socPlazasDao" />
				<entry key="socSolbenefsDao" value-ref="socSolbenefsDao" />
				<entry key="socSolbenefslocDao" value-ref="socSolbenefslocDao" />
				<entry key="socCamposDao" value-ref="socCamposDao" />

				<entry key="socBenefslocDao" value-ref="socBenefslocDao" />
				<entry key="socCuentaslocDao" value-ref="socCuentaslocDao" />
				<entry key="socSolcuentasDao" value-ref="socSolcuentasDao" />
				<entry key="socUsuariosolDao" value-ref="socUsuariosolDao" />
				<entry key="socValoresclaDao" value-ref="socValoresclaDao" />
				<entry key="socSolicitanteDao" value-ref="socSolicitanteDao" />
				<entry key="socSolicitudctasDao" value-ref="socSolicitudctasDao" />

			</map>
		</property>
	</bean>

</beans>