<?xml version="1.0" encoding="UTF-8" ?>
<!DOCTYPE log4j:configuration SYSTEM "log4j.dtd">
<log4j:configuration debug="true" xmlns:log4j='http://jakarta.apache.org/log4j/'>
  <appender name="CONSOLE" class="org.apache.log4j.ConsoleAppender">
		<param name="Target" value="System.out" />
  
	  <layout class="org.apache.log4j.PatternLayout">
	    <param name="ConversionPattern" value="%d %-5p %c{1}.%M(%L) - %m%n"/>
	  </layout>
  </appender>
  <appender name="LOG_FILE"
            class="org.apache.log4j.DailyRollingFileAppender">
		<param name="Append" value="true" />	
		<param name="Threshold" value="INFO" />
		<param name="File" value="/opt/aplicaciones/servicios/sioc/logs/sioc.log"/>  
		<param name="DatePattern" value=".yyyy-MM-dd"/>
		<layout class="org.apache.log4j.PatternLayout">
		  <param name="ConversionPattern" value="%d %-5p [%t] %c{1}.%M(%L) - %m%n"/>
		</layout>
  </appender>
  
	<logger name="org.springframework">
		<level value="INFO" />
	</logger>

	<logger name="org.hibernate">
		<level value="WARN" />
	</logger>

	<logger name="com.mchange.v2.c3p0">
		<level value="WARN" />
	</logger>
	
	<logger name="net.sf.ehcache.config.Configurator">
		<level value="ERROR" />
	</logger>

	<root>
		<level value ="info"/>
		<appender-ref ref="LOG_FILE"/>
		<appender-ref ref="CONSOLE"/>
	</root>
</log4j:configuration>