<?xml version="1.0"?>
<!DOCTYPE hibernate-mapping PUBLIC "-//Hibernate/Hibernate Mapping DTD 3.0//EN"
"http://hibernate.sourceforge.net/hibernate-mapping-3.0.dtd">
<!-- Generated 02-09-2011 04:10:32 PM by Hibernate Tools 3.4.0.CR1 -->
<hibernate-mapping>
    <class name="gob.bcb.service.servicioBolsin.model.Cambio" table="cambio" schema="a_bolsin" >
        <id name="fecha" type="date">
            <column name="fecha" length="10" />
            <generator class="assigned" />
        </id>        
        <property name="cotzVenta" type="big_decimal">
            <column name="cotz_venta" precision="7" scale="4" />
        </property>
        <property name="cotzCompra" type="big_decimal">
            <column name="cotz_compra" precision="7" scale="4" />
        </property>
        <property name="cotzBase" type="big_decimal">
            <column name="cotz_base" precision="7" scale="4" />
        </property>
        <property name="cantDisponible" type="big_decimal">
            <column name="cant_disponible" precision="13" scale="2" />
        </property>
        <property name="cantVendida" type="big_decimal">
            <column name="cant_vendida" precision="13" scale="2" />
        </property>
        <property name="solicPresentadas" type="java.lang.Integer">
            <column name="solic_presentadas"  />
        </property>
        <property name="solicAceptadas" type="java.lang.Integer">
            <column name="solic_aceptadas" />
        </property>
        <property name="usuario" type="string">
            <column name="usuario" length="5" />
        </property>
        <property name="estacion" type="string">
            <column name="estacion" length="30" />
        </property>
        <property name="fechaHora" type="timestamp">
            <column name="fecha_hora" length="3594" />
        </property>
        <property name="estado" type="java.lang.Character">
            <column name="estado" length="1" />
        </property>
    </class>
</hibernate-mapping>
