<?xml version="1.0"?>
<!DOCTYPE hibernate-mapping PUBLIC "-//Hibernate/Hibernate Mapping DTD 3.0//EN"
"http://hibernate.sourceforge.net/hibernate-mapping-3.0.dtd">
<!-- Generated 02-09-2011 04:10:32 PM by Hibernate Tools 3.4.0.CR1 -->
<hibernate-mapping>
    <class name="gob.bcb.service.servicioBolsin.model.TablaCotiz" table="tabla_cotiz" schema="d_bolsin" >
        <composite-id name="id" class="gob.bcb.service.servicioBolsin.model.TablaCotizId">
            <key-property name="codMoneda" type="string">
                <column name="cod_moneda" length="3" />
            </key-property>
            <key-property name="fechaDia" type="date">
                <column name="fecha_dia"  />
            </key-property>
            <key-property name="nroSeq" type="string">
                <column name="nro_seq" length="8" />
            </key-property>
        </composite-id>
        <property name="grupo" type="java.lang.Integer">
            <column name="grupo" />
        </property>
        <property name="numero" type="java.lang.Integer">
            <column name="numero" />
        </property>
        <property name="literalDia" type="string">
            <column name="literal_dia" length="50" />
        </property>
        <property name="pais" type="string">
            <column name="pais" length="50" />
        </property>
        <property name="unidadMon" type="string">
            <column name="unidad_mon" length="50" />
        </property>
        <property name="moneda" type="string">
            <column name="moneda" length="15" />
        </property>
        <property name="tipoCambioBs" type="big_decimal">
            <column name="tipo_camb_bs" precision="15" scale="11" />
        </property>
        <property name="tipoCambioMe" type="big_decimal">
            <column name="tipo_camb_me" precision="15" scale="11" />
        </property>
        <property name="cambMeAnt" type="big_decimal">
            <column name="camb_me_ant" precision="15" scale="11" />
        </property>
        <property name="usuario" type="string">
            <column name="cod_usuario" length="5" />
        </property>
        <property name="estacion" type="string">
            <column name="estacion" length="30" />
        </property>
        <property name="fechaHora" type="timestamp">
            <column name="fecha_hora" length="3594" />
        </property>
        <property name="cveTabla" type="java.lang.Character">
            <column name="cve_tabla" length="1" />
        </property>
    </class>
</hibernate-mapping>
