<?xml version="1.0"?>
<!DOCTYPE hibernate-mapping PUBLIC "-//Hibernate/Hibernate Mapping DTD 3.0//EN"
                                   "http://hibernate.sourceforge.net/hibernate-mapping-3.0.dtd">
<!-- Generated 02-09-2011 04:10:32 PM by Hibernate Tools 3.4.0.CR1 -->   
<hibernate-mapping>
 <class name="gob.bcb.service.servicioPortiaSwift.model.Loader" schema="d_portsw" table="loader">
  <id name="idLoader" type="java.lang.Long" >
   <column name="id_loader"/>
   <generator class="native"/>
  </id>
  <property generated="never" lazy="false" name="idBase" type="java.lang.Integer">
   <column name="id_base"/>
  </property>
  <property generated="never" lazy="false" name="idPortia" type="java.lang.Integer">
   <column name="id_portia"/>
  </property>
  <property generated="never" lazy="false" name="numeroSwift" type="java.lang.Integer">
   <column name="numero_swift"/>
  </property>
  <property generated="never" lazy="false" name="estado" type="java.lang.Character">
   <column length="1" name="estado"/>
  </property>
  <property generated="never" lazy="false" name="descrip" type="string">
   <column length="45" name="descrip"/>
  </property>
  <property generated="never" lazy="false" name="estacion" type="string">
   <column length="20" name="estacion"/>
  </property>
  <property generated="never" lazy="false" name="fechaHora" type="timestamp">
   <column length="3594" name="fecha_hora"/>
  </property>
  <property generated="never" lazy="false" name="usuario" type="string">
   <column length="5" name="usuario"/>
  </property>
 </class>
</hibernate-mapping>
