<?xml version="1.0" encoding="UTF-8" ?>
<jdbcDataAdapter class="net.sf.jasperreports.data.jdbc.JdbcDataAdapterImpl"><name>INFORMIX</name><driver>com.informix.jdbc.IfxDriver</driver><username>d_siocw</username><password>qazwsx</password><savePassword>true</savePassword><url>jdbc:informix-sqli://192.168.232.11:1525/siocweb:informixserver=wildb</url><database></database><serverAddress></serverAddress><classpath>D:\Program Files\IBM\Informix_JDBC_Driver3.5\lib\ifxjdbc.jar</classpath></jdbcDataAdapter>