<?xml version="1.0" encoding="UTF-8" ?>
<jdbcDataAdapter class="net.sf.jasperreports.data.jdbc.JdbcDataAdapterImpl"><name>siocprod</name><driver>com.informix.jdbc.IfxDriver</driver><username>s_ddes</username><password>2014ddes</password><savePassword>true</savePassword><url>jdbc:informix-sqli://10.2.11.2:1527/siocweb:informixserver=bcbux02</url><database></database><serverAddress></serverAddress><classpath>D:\Program Files (x86)\IBM\Informix JDBC Driver 2.21.JC6\lib\ifxjdbc.jar</classpath></jdbcDataAdapter>