<?xml version="1.0" encoding="UTF-8"?>
<beans xmlns="http://www.springframework.org/schema/beans"
	xmlns:xsi="http://www.w3.org/2001/XMLSchema-instance"
	xsi:schemaLocation="http://www.springframework.org/schema/beans http://www.springframework.org/schema/beans/spring-beans-2.5.xsd
    http://www.springframework.org/schema/util http://www.springframework.org/schema/util/spring-util-2.5.xsd"
	xmlns:util="http://www.springframework.org/schema/util">

	<bean id="configurationServCoin" class="gob.bcb.service.commons.ConfigurationServ"></bean>
	<bean id="pathDBConfigCoin" factory-bean="configurationServCoin" factory-method="pathDbConfig" />

	<bean id="ds-factorySiocCoin" class="gob.bcb.service.commons.handlerdb.DataSourceManagerFactoryBean"
		destroy-method="destroy">
		<property name="unitName">
			<value>coin</value>
		</property>
		<property name="pathFile" ref="pathDBConfigCoin"/>		
	</bean>

	<!-- configuracion de hibernate -->
	<bean id="dataSourceSiocCoin" factory-bean="ds-factorySiocCoin"
		factory-method="createDataSource2" />

	<bean id="sessionFactoryBeanSiocCoin"
		class="org.springframework.orm.hibernate3.annotation.AnnotationSessionFactoryBean">
		<property name="dataSource" ref="dataSourceSiocCoin" />
		<property name="hibernateProperties">
			<props>
				<prop key="hibernate.dialect">org.hibernate.dialect.InformixDialect</prop>
				<prop key="hibernate.connection.release_mode">after_transaction</prop>
				<prop key="hibernate.show_sql">false</prop>
			</props>
		</property>		
		<property name="annotatedClasses">
			<list>
				<value>gob.bcb.service.servicioTres.model.CuentaMayor</value>
				<value>gob.bcb.service.servicioTres.model.CuentaMovimiento</value>
				<value>gob.bcb.service.servicioTres.model.Comprobante</value>
				<value>gob.bcb.service.servicioTres.model.ComprobanteId</value>
				<value>gob.bcb.service.servicioTres.model.EstadoComprob</value>
				<value>gob.bcb.service.servicioTres.model.EstadoComprobId</value>
				<value>gob.bcb.service.servicioTres.model.FactorConvMn</value>
				<value>gob.bcb.service.servicioTres.model.FactorConvMnId</value>
				<value>gob.bcb.service.servicioTres.model.RengComprob</value>
				<value>gob.bcb.service.servicioTres.model.RengComprobId</value>
				<value>gob.bcb.service.servicioTres.model.ImpSigma</value>
				<value>gob.bcb.service.servicioTres.model.ImpSigmaId</value>
				<value>gob.bcb.service.servicioTres.model.ImpPresup</value>
				<value>gob.bcb.service.servicioTres.model.ImpPresupId</value>
				<value>gob.bcb.service.servicioTres.model.ImpOrdenPago</value>
				<value>gob.bcb.service.servicioTres.model.ImpOrdenPagoId</value>
				<value>gob.bcb.service.servicioTres.model.Factura</value>
				<value>gob.bcb.service.servicioTres.model.FacturaId</value>
				<value>gob.bcb.service.servicioTres.model.FacturaConcepto</value>
				<value>gob.bcb.service.servicioTres.model.FacturaConceptoId</value>
				<value>gob.bcb.service.servicioTres.model.RengConcilia</value>
				<value>gob.bcb.service.servicioTres.model.RengConciliaId</value>
				<value>gob.bcb.service.servicioTres.model.SaldoConcilia</value>
				<value>gob.bcb.service.servicioTres.model.SaldoConciliaId</value>
				<value>gob.bcb.service.servicioTres.model.FacturaSinCredito</value>
				<value>gob.bcb.service.servicioTres.model.FacturaSinCreditoId
				</value>
				<value>gob.bcb.service.servicioTres.model.FacturaConceptoSinCredito
				</value>
				<value>gob.bcb.service.servicioTres.model.FacturaConceptoSinCreditoId
				</value>
				<value>gob.bcb.service.servicioTres.model.Feriado</value>
			</list>
		</property>
	</bean>

	<bean id="transactionManagerCoin"
		class="org.springframework.orm.hibernate3.HibernateTransactionManager">
		<property name="sessionFactory" ref="sessionFactoryBeanSiocCoin" />

	</bean>

	<bean id="hibernateTemplateCoin" class="org.springframework.orm.hibernate3.HibernateTemplate">
		<property name="sessionFactory" ref="sessionFactoryBeanSiocCoin" />
	</bean>
	
	<bean id="servicioCoinDao"
		class="gob.bcb.service.servicioSiocCoin.ServicioCoinDao">
		<property name="hibernateTemplate" ref="hibernateTemplateCoin" />

	</bean>
	
	<!-- Definicion de Dao's -->

	<bean id="factorConvMnDao" class="gob.bcb.service.servicioTres.model.FactorConvMnDao"
		parent="hibernateTemplateCoin" />

	<bean id="utilsSioc" class="gob.bcb.bpm.pruebaCU.UtilsSioc">
		<property name="factorConvMnDao" ref="factorConvMnDao" />
	</bean>

</beans>