<?xml version="1.0" encoding="UTF-8"?>
<beans xmlns="http://www.springframework.org/schema/beans"
	xmlns:xsi="http://www.w3.org/2001/XMLSchema-instance"
	xsi:schemaLocation="http://www.springframework.org/schema/beans http://www.springframework.org/schema/beans/spring-beans-2.5.xsd
    http://www.springframework.org/schema/util http://www.springframework.org/schema/util/spring-util-2.5.xsd"
	xmlns:util="http://www.springframework.org/schema/util">

	<!-- configuracion de colitas property name="brokerURL" value="${jms.broker.url}?jms.tcpNoDelayEnabled=false;jms.redeliveryPolicy.maximumRedeliveries=1;jms.redeliveryPolicy.initialRedeliveryDelay=10" -->
	<import resource="applicationcontextSiocCoin.xml" />

	<bean id="pooledConnectionFactory" class="org.apache.activemq.pool.PooledConnectionFactory"
		destroy-method="stop">
		<property name="maxConnections" value="15" />
		<property name="maximumActiveSessionPerConnection" value="500" />
		<property name="connectionFactory">
			<ref local="activemqConnectionFactory" />
		</property>
	</bean>

	<bean id="activemqConFactoryCreator" class="gob.bcb.core.jms.client.ActiveMQConFactoryBean">
	</bean>

	<bean id="activemqConnectionFactory" factory-bean="activemqConFactoryCreator"
		factory-method="createFromUrlConfig" />

	<bean id="configurationServ" class="gob.bcb.service.commons.ConfigurationServ"></bean>
	<bean id="pathDBConfig" factory-bean="configurationServ" factory-method="pathDbConfig" />

	<bean id="ds-factory"
		class="gob.bcb.service.commons.handlerdb.DataSourceManagerFactoryBean"
		destroy-method="destroy">
		<property name="unitName">
			<value>sioc</value>
		</property>
		<property name="pathFile" ref="pathDBConfig"/>		
	</bean>

	<!-- configuracion de hibernate -->
	<bean id="dataSource" factory-bean="ds-factory" factory-method="createDataSource2" />

	<bean id="sessionFactory"
		class="org.springframework.orm.hibernate3.annotation.AnnotationSessionFactoryBean">
		<property name="dataSource" ref="dataSource" />
		<property name="hibernateProperties">
			<props>
				<prop key="dialect">org.hibernate.dialect.InformixDialect</prop>
				<prop key="hibernate.connection.release_mode">after_transaction</prop>
				<prop key="hibernate.show_sql">false</prop>
			</props>
		</property>
		<property name="annotatedClasses">
			<list>
				<value>gob.bcb.bpm.pruebaCU.SocSolicitante</value>
				<value>gob.bcb.bpm.pruebaCU.SocSolicitudes</value>
				<value>gob.bcb.bpm.pruebaCU.SocDetallessol</value>
				<value>gob.bcb.bpm.pruebaCU.SocDetallessolId</value>
				<value>gob.bcb.bpm.pruebaCU.SocComprobante</value>
				<value>gob.bcb.bpm.pruebaCU.SocRengscomp</value>
				<value>gob.bcb.bpm.pruebaCU.SocRengscompId</value>
				<value>gob.bcb.bpm.pruebaCU.SocEstadistica</value>
				<value>gob.bcb.bpm.pruebaCU.SocOperaciones</value>
				<value>gob.bcb.bpm.pruebaCU.SocEsquemas</value>
				<value>gob.bcb.bpm.pruebaCU.SocRengesq</value>
				<value>gob.bcb.bpm.pruebaCU.SocRengesqPK</value>
				<value>gob.bcb.bpm.pruebaCU.SocDetallesope</value>
				<value>gob.bcb.bpm.pruebaCU.SocHorario</value>
				<value>gob.bcb.bpm.pruebaCU.SocBolsin</value>
				<value>gob.bcb.bpm.pruebaCU.SocCuentassol</value>
				<value>gob.bcb.bpm.pruebaCU.SocMensajes</value>
				<value>gob.bcb.bpm.pruebaCU.SocDatosmen</value>
				<value>gob.bcb.bpm.pruebaCU.SocDatosmenId</value>
				<value>gob.bcb.bpm.pruebaCU.SocOpecomi</value>
				<value>gob.bcb.bpm.pruebaCU.SocOpecomiId</value>
				<value>gob.bcb.bpm.pruebaCU.SocSolicitudctas</value>
				<value>gob.bcb.bpm.pruebaCU.SocSolicitudctasPK</value>
				<value>gob.bcb.bpm.pruebaCU.SocComitipoope</value>
				<value>gob.bcb.bpm.pruebaCU.SocComitipoopePK</value>
				<value>gob.bcb.bpm.pruebaCU.SocOrdenesPago</value>
				<value>gob.bcb.bpm.pruebaCU.SocFacturas</value>
				<value>gob.bcb.bpm.pruebaCU.SocFacturasId</value>
				<value>gob.bcb.bpm.pruebaCU.GenMoneda</value>

				<value>gob.bcb.bpm.pruebaCU.SocCuentas</value>
				<value>gob.bcb.bpm.pruebaCU.SocBenefs</value>
				<value>gob.bcb.bpm.pruebaCU.SocBancos</value>
				<value>gob.bcb.bpm.pruebaCU.SocPlazas</value>
				<value>gob.bcb.bpm.pruebaCU.SocSolbenefs</value>
				<value>gob.bcb.bpm.pruebaCU.SocSolbenefsloc</value>

				<value>gob.bcb.bpm.pruebaCU.SocBenefsloc</value>
				<value>gob.bcb.bpm.pruebaCU.SocBenefsreg</value>				
				<value>gob.bcb.bpm.pruebaCU.SocBenefslocal</value>				
				<value>gob.bcb.bpm.pruebaCU.SocCuentasloc</value>
				<value>gob.bcb.bpm.pruebaCU.SocSolcuentas</value>
				<value>gob.bcb.bpm.pruebaCU.GenFeriado</value>
				<value>gob.bcb.bpm.pruebaCU.GenFeriadoPK</value>
				<value>gob.bcb.bpm.pruebaCU.SocUsuariosol</value>
				<value>gob.bcb.bpm.pruebaCU.SocUsuariosolPK</value>
				<value>gob.bcb.bpm.pruebaCU.SocClaves</value>
				<value>gob.bcb.bpm.pruebaCU.SocValorescla</value>
				<value>gob.bcb.bpm.pruebaCU.SocValoresclaPK</value>
				<value>gob.bcb.bpm.pruebaCU.SocParametros</value>
				<value>gob.bcb.bpm.pruebaCU.SocParticipante</value>
				<value>gob.bcb.bpm.pruebaCU.SocParticipantePK</value>

				<value>gob.bcb.swift.model.SwfMttransfer</value>
				<value>gob.bcb.swift.model.SwfMttransferdet</value>
				<value>gob.bcb.swift.model.SwfMensaje</value>
				<value>gob.bcb.swift.model.SwfDetmensaje</value>
				<value>gob.bcb.swift.model.SwfPersonacta</value>
			</list>
		</property>
	</bean>

	<bean id="transactionManager"
		class="org.springframework.orm.hibernate3.HibernateTransactionManager">
		<property name="sessionFactory" ref="sessionFactory" />

	</bean>

	<bean id="hibernateTemplate" class="org.springframework.orm.hibernate3.HibernateTemplate">
		<property name="sessionFactory" ref="sessionFactory" />
	</bean>

	<bean id="siocFactoryDao"
		class="gob.bcb.portal.sioc.transferencias.commons.SiocFactoryDao">
		<property name="hibernateTemplate" ref="hibernateTemplate" />

	</bean>
</beans>

