<?xml version="1.0" encoding="UTF-8"?>
<faces-config version="1.2" xmlns="http://java.sun.com/xml/ns/javaee"
	xmlns:xi="http://www.w3.org/2001/XInclude" xmlns:xsi="http://www.w3.org/2001/XMLSchema-instance"
	xsi:schemaLocation="http://java.sun.com/xml/ns/javaee http://java.sun.com/xml/ns/javaee/web-facesconfig_1_2.xsd">
	<managed-bean>
		<managed-bean-name>dropDownBean</managed-bean-name>
		<managed-bean-class>gob.bcb.portal.menu.DropDownBean</managed-bean-class>
		<managed-bean-scope>session</managed-bean-scope>
	</managed-bean>
	<managed-bean>
		<managed-bean-name>crudParametros</managed-bean-name>
		<managed-bean-class>gob.bcb.portal.sioc.parametros.controller.CrudParametrosController</managed-bean-class>
		<managed-bean-scope>session</managed-bean-scope>
	</managed-bean>
	<managed-bean>
		<managed-bean-name>principalController</managed-bean-name>
		<managed-bean-class>gob.bcb.portal.sioc.transferencias.controller.PrincipalController</managed-bean-class>
		<managed-bean-scope>session</managed-bean-scope>
	</managed-bean>
	<managed-bean>
		<managed-bean-name>solicitudesIntController</managed-bean-name>
		<managed-bean-class>gob.bcb.portal.sioc.transferencias.controller.SolicitudesIntController</managed-bean-class>
		<managed-bean-scope>session</managed-bean-scope>
	</managed-bean>
	<managed-bean>
		<managed-bean-name>solicitudesModController</managed-bean-name>
		<managed-bean-class>gob.bcb.portal.sioc.transferencias.controller.SolicitudesModController</managed-bean-class>
		<managed-bean-scope>session</managed-bean-scope>
	</managed-bean>
	<managed-bean>
		<managed-bean-name>solicitudesASFModController</managed-bean-name>
		<managed-bean-class>gob.bcb.portal.sioc.transferencias.controller.SolicitudesASFModController</managed-bean-class>
		<managed-bean-scope>session</managed-bean-scope>
	</managed-bean>
	<managed-bean>
		<managed-bean-name>solicitudesBCBController</managed-bean-name>
		<managed-bean-class>gob.bcb.portal.sioc.transferencias.controller.SolicitudesBCBController</managed-bean-class>
		<managed-bean-scope>session</managed-bean-scope>
	</managed-bean>
	<managed-bean>
		<managed-bean-name>solicitudesBCBIntController</managed-bean-name>
		<managed-bean-class>gob.bcb.portal.sioc.transferencias.controller.SolicitudesBCBIntController</managed-bean-class>
		<managed-bean-scope>session</managed-bean-scope>
	</managed-bean>
	<managed-bean>
		<managed-bean-name>consulta1Controller</managed-bean-name>
		<managed-bean-class>gob.bcb.portal.sioc.transferencias.controller.Consulta1Controller</managed-bean-class>
		<managed-bean-scope>session</managed-bean-scope>
	</managed-bean>
	<managed-bean>
		<managed-bean-name>solicitudesBolsinController</managed-bean-name>
		<managed-bean-class>gob.bcb.portal.sioc.transferencias.controller.SolicitudesBolsinController</managed-bean-class>
		<managed-bean-scope>session</managed-bean-scope>
	</managed-bean>
	<managed-bean>
		<managed-bean-name>solBolsinIntController</managed-bean-name>
		<managed-bean-class>gob.bcb.portal.sioc.transferencias.controller.SolBolsinIntController</managed-bean-class>
		<managed-bean-scope>session</managed-bean-scope>
	</managed-bean>
	<managed-bean>
		<managed-bean-name>listaBolsinVController</managed-bean-name>
		<managed-bean-class>gob.bcb.portal.sioc.transferencias.controller.ListaBolsinVController</managed-bean-class>
		<managed-bean-scope>session</managed-bean-scope>
	</managed-bean>
	<!-- whf rq02 -->
	<managed-bean>
		<managed-bean-name>listaBolsinVVentaDirController</managed-bean-name>
		<managed-bean-class>gob.bcb.portal.sioc.transferencias.controller.ListaBolsinVVentaDirController</managed-bean-class>
		<managed-bean-scope>session</managed-bean-scope>
	</managed-bean>
	<managed-bean>
		<managed-bean-name>listaBolsinVIntController</managed-bean-name>
		<managed-bean-class>gob.bcb.portal.sioc.transferencias.controller.ListaBolsinVIntController</managed-bean-class>
		<managed-bean-scope>session</managed-bean-scope>
	</managed-bean>
	<managed-bean>
		<managed-bean-name>listaBolsinController</managed-bean-name>
		<managed-bean-class>gob.bcb.portal.sioc.transferencias.controller.ListaBolsinController</managed-bean-class>
		<managed-bean-scope>session</managed-bean-scope>
	</managed-bean>
	<managed-bean>
		<managed-bean-name>listaBolsinPController</managed-bean-name>
		<managed-bean-class>gob.bcb.portal.sioc.transferencias.controller.ListaBolsinPController</managed-bean-class>
		<managed-bean-scope>session</managed-bean-scope>
	</managed-bean>
	<!-- whf vd2 -->
	<managed-bean>
		<managed-bean-name>listaBolsinPVentaDirController</managed-bean-name>
		<managed-bean-class>gob.bcb.portal.sioc.transferencias.controller.ListaBolsinPVentaDirController</managed-bean-class>
		<managed-bean-scope>session</managed-bean-scope>
	</managed-bean>

	<managed-bean>
		<managed-bean-name>listaBolsinAController</managed-bean-name>
		<managed-bean-class>gob.bcb.portal.sioc.transferencias.controller.ListaBolsinAController</managed-bean-class>
		<managed-bean-scope>session</managed-bean-scope>
	</managed-bean>
	<managed-bean>
		<managed-bean-name>solicitudesBCBAutController</managed-bean-name>
		<managed-bean-class>gob.bcb.portal.sioc.transferencias.controller.SolicitudesBCBAutController</managed-bean-class>
		<managed-bean-scope>session</managed-bean-scope>
	</managed-bean>
	<managed-bean>
		<managed-bean-name>solicitudesAutController</managed-bean-name>
		<managed-bean-class>gob.bcb.portal.sioc.transferencias.controller.SolicitudesAutController</managed-bean-class>
		<managed-bean-scope>session</managed-bean-scope>
	</managed-bean>
	<managed-bean>
		<managed-bean-name>solicitudesASFController</managed-bean-name>
		<managed-bean-class>gob.bcb.portal.sioc.transferencias.controller.SolicitudesASFController</managed-bean-class>
		<managed-bean-scope>session</managed-bean-scope>
	</managed-bean>
	<managed-bean>
		<managed-bean-name>solicitudesASFIntController</managed-bean-name>
		<managed-bean-class>gob.bcb.portal.sioc.transferencias.controller.SolicitudesASFIntController</managed-bean-class>
		<managed-bean-scope>session</managed-bean-scope>
	</managed-bean>
	<managed-bean>
		<managed-bean-name>solicitudesDSFController</managed-bean-name>
		<managed-bean-class>gob.bcb.portal.sioc.transferencias.controller.SolicitudesDSFController</managed-bean-class>
		<managed-bean-scope>session</managed-bean-scope>
	</managed-bean>
	<managed-bean>
		<managed-bean-name>solicitudesDSFOpeController</managed-bean-name>
		<managed-bean-class>gob.bcb.portal.sioc.transferencias.controller.SolicitudesDSFOpeController</managed-bean-class>
		<managed-bean-scope>session</managed-bean-scope>
	</managed-bean>
	<managed-bean>
		<managed-bean-name>operacionesDEController</managed-bean-name>
		<managed-bean-class>gob.bcb.portal.sioc.transferencias.controller.OperacionesDEController</managed-bean-class>
		<managed-bean-scope>session</managed-bean-scope>
	</managed-bean>
	<managed-bean>
		<managed-bean-name>cobranzaEnvioController</managed-bean-name>
		<managed-bean-class>gob.bcb.portal.sioc.transferencias.controller.CobranzaEnvioController</managed-bean-class>
		<managed-bean-scope>session</managed-bean-scope>
	</managed-bean>
	<managed-bean>
		<managed-bean-name>operacionesDEEController</managed-bean-name>
		<managed-bean-class>gob.bcb.portal.sioc.transferencias.controller.OperacionesDEEController</managed-bean-class>
		<managed-bean-scope>session</managed-bean-scope>
	</managed-bean>
	<managed-bean>
		<managed-bean-name>listaAcreeController</managed-bean-name>
		<managed-bean-class>gob.bcb.portal.sioc.transferencias.controller.ListaAcreeController</managed-bean-class>
		<managed-bean-scope>session</managed-bean-scope>
	</managed-bean>
	<managed-bean>
		<managed-bean-name>listaCobranzaController</managed-bean-name>
		<managed-bean-class>gob.bcb.portal.sioc.transferencias.controller.ListaCobranzaController</managed-bean-class>
		<managed-bean-scope>session</managed-bean-scope>
	</managed-bean>
	<managed-bean>
		<managed-bean-name>solicitudesASFAutController</managed-bean-name>
		<managed-bean-class>gob.bcb.portal.sioc.transferencias.controller.SolicitudesASFAutController</managed-bean-class>
		<managed-bean-scope>session</managed-bean-scope>
	</managed-bean>
	<managed-bean>
		<managed-bean-name>solicitudesASFAController</managed-bean-name>
		<managed-bean-class>gob.bcb.portal.sioc.transferencias.controller.SolicitudesASFAController</managed-bean-class>
		<managed-bean-scope>session</managed-bean-scope>
	</managed-bean>
	<managed-bean>
		<managed-bean-name>solicitudesLocalController</managed-bean-name>
		<managed-bean-class>gob.bcb.portal.sioc.transferencias.controller.SolicitudesLocalController</managed-bean-class>
		<managed-bean-scope>session</managed-bean-scope>
	</managed-bean>
	<managed-bean>
		<managed-bean-name>solicitudesLocalIntController</managed-bean-name>
		<managed-bean-class>gob.bcb.portal.sioc.transferencias.controller.SolicitudesLocalIntController</managed-bean-class>
		<managed-bean-scope>session</managed-bean-scope>
	</managed-bean>
	<managed-bean>
		<managed-bean-name>estadisticaController</managed-bean-name>
		<managed-bean-class>gob.bcb.portal.sioc.transferencias.controller.EstadisticaController</managed-bean-class>
		<managed-bean-scope>session</managed-bean-scope>
	</managed-bean>
	<managed-bean>
		<managed-bean-name>listaSolicitudesController</managed-bean-name>
		<managed-bean-class>gob.bcb.portal.sioc.transferencias.controller.ListaSolicitudesController</managed-bean-class>
		<managed-bean-scope>session</managed-bean-scope>
	</managed-bean>
	<managed-bean>
		<managed-bean-name>listaSolicitudesSController</managed-bean-name>
		<managed-bean-class>gob.bcb.portal.sioc.transferencias.controller.ListaSolicitudesSController</managed-bean-class>
		<managed-bean-scope>session</managed-bean-scope>
	</managed-bean>
	<managed-bean>
		<managed-bean-name>listaSolicitudesPController</managed-bean-name>
		<managed-bean-class>gob.bcb.portal.sioc.transferencias.controller.ListaSolicitudesPController</managed-bean-class>
		<managed-bean-scope>session</managed-bean-scope>
	</managed-bean>
	<managed-bean>
		<managed-bean-name>listaMensajesController</managed-bean-name>
		<managed-bean-class>gob.bcb.portal.sioc.transferencias.controller.ListaMensajesController</managed-bean-class>
		<managed-bean-scope>session</managed-bean-scope>
	</managed-bean>
	<managed-bean>
		<managed-bean-name>listaOrdenPController</managed-bean-name>
		<managed-bean-class>gob.bcb.portal.sioc.transferencias.controller.ListaOrdenPController</managed-bean-class>
		<managed-bean-scope>session</managed-bean-scope>
	</managed-bean>
	<managed-bean>
		<managed-bean-name>listaOrdenPIController</managed-bean-name>
		<managed-bean-class>gob.bcb.portal.sioc.transferencias.controller.ListaOrdenPIController</managed-bean-class>
		<managed-bean-scope>session</managed-bean-scope>
	</managed-bean>
	<managed-bean>
		<managed-bean-name>listaOrdenPRController</managed-bean-name>
		<managed-bean-class>gob.bcb.portal.sioc.transferencias.controller.ListaOrdenPRController</managed-bean-class>
		<managed-bean-scope>session</managed-bean-scope>
	</managed-bean>
	<managed-bean>
		<managed-bean-name>listaOrdenPAController</managed-bean-name>
		<managed-bean-class>gob.bcb.portal.sioc.transferencias.controller.ListaOrdenPAController</managed-bean-class>
		<managed-bean-scope>session</managed-bean-scope>
	</managed-bean>
	<managed-bean>
		<managed-bean-name>reportesOPController</managed-bean-name>
		<managed-bean-class>gob.bcb.portal.sioc.transferencias.controller.ReportesOPController</managed-bean-class>
		<managed-bean-scope>session</managed-bean-scope>
	</managed-bean>
	<managed-bean>
		<managed-bean-name>reportesBolsinController</managed-bean-name>
		<managed-bean-class>gob.bcb.portal.sioc.transferencias.controller.ReportesBolsinController</managed-bean-class>
		<managed-bean-scope>session</managed-bean-scope>
	</managed-bean>
	<managed-bean>
		<managed-bean-name>reportesEst1Controller</managed-bean-name>
		<managed-bean-class>gob.bcb.portal.sioc.transferencias.controller.ReportesEst1Controller</managed-bean-class>
		<managed-bean-scope>session</managed-bean-scope>
	</managed-bean>
	<managed-bean>
		<managed-bean-name>reportesEst2Controller</managed-bean-name>
		<managed-bean-class>gob.bcb.portal.sioc.transferencias.controller.ReportesEst2Controller</managed-bean-class>
		<managed-bean-scope>session</managed-bean-scope>
	</managed-bean>
	<managed-bean>
		<managed-bean-name>listaSolicitudesBCBController</managed-bean-name>
		<managed-bean-class>gob.bcb.portal.sioc.transferencias.controller.ListaSolicitudesBCBController</managed-bean-class>
		<managed-bean-scope>session</managed-bean-scope>
	</managed-bean>
	<managed-bean>
		<managed-bean-name>listaOperacionesController</managed-bean-name>
		<managed-bean-class>gob.bcb.portal.sioc.transferencias.controller.ListaOperacionesController</managed-bean-class>
		<managed-bean-scope>session</managed-bean-scope>
	</managed-bean>
	<managed-bean>
		<managed-bean-name>operacionesModController</managed-bean-name>
		<managed-bean-class>gob.bcb.portal.sioc.transferencias.controller.OperacionesModController</managed-bean-class>
		<managed-bean-scope>session</managed-bean-scope>
	</managed-bean>
	<managed-bean>
		<managed-bean-name>listaOperacionesPController</managed-bean-name>
		<managed-bean-class>gob.bcb.portal.sioc.transferencias.controller.ListaOperacionesPController</managed-bean-class>
		<managed-bean-scope>session</managed-bean-scope>
	</managed-bean>
	<managed-bean>
		<managed-bean-name>beneficiariosController</managed-bean-name>
		<managed-bean-class>gob.bcb.portal.sioc.transferencias.controller.BeneficiariosController</managed-bean-class>
		<managed-bean-scope>session</managed-bean-scope>
	</managed-bean>
	<managed-bean>
		<managed-bean-name>listaBancosController</managed-bean-name>
		<managed-bean-class>gob.bcb.portal.sioc.transferencias.controller.ListaBancosController</managed-bean-class>
		<managed-bean-scope>session</managed-bean-scope>
	</managed-bean>
	<managed-bean>
		<managed-bean-name>listaBeneficiariosController</managed-bean-name>
		<managed-bean-class>gob.bcb.portal.sioc.transferencias.controller.ListaBeneficiariosController</managed-bean-class>
		<managed-bean-scope>session</managed-bean-scope>
	</managed-bean>
	<managed-bean>
		<managed-bean-name>listaSolicitantesController</managed-bean-name>
		<managed-bean-class>gob.bcb.portal.sioc.transferencias.controller.ListaSolicitantesController</managed-bean-class>
		<managed-bean-scope>session</managed-bean-scope>
	</managed-bean>
	<managed-bean>
		<managed-bean-name>solicitudB</managed-bean-name>
		<managed-bean-class>gob.bcb.bpm.pruebaCU.SocBolsin</managed-bean-class>
		<managed-bean-scope>session</managed-bean-scope>
	</managed-bean>
	<managed-bean>
		<managed-bean-name>benef</managed-bean-name>
		<managed-bean-class>gob.bcb.bpm.pruebaCU.SocBenefslocal</managed-bean-class>
		<managed-bean-scope>session</managed-bean-scope>
	</managed-bean>
	<managed-bean>
		<managed-bean-name>benefsreg</managed-bean-name>
		<managed-bean-class>gob.bcb.bpm.pruebaCU.SocBenefsreg</managed-bean-class>
		<managed-bean-scope>session</managed-bean-scope>
	</managed-bean>
	<managed-bean>
		<managed-bean-name>cuentaBen</managed-bean-name>
		<managed-bean-class>gob.bcb.bpm.pruebaCU.CuentasBen</managed-bean-class>
		<managed-bean-scope>session</managed-bean-scope>
	</managed-bean>
	<managed-bean>
		<managed-bean-name>detalleO</managed-bean-name>
		<managed-bean-class>gob.bcb.bpm.pruebaCU.SocDetallesope</managed-bean-class>
		<managed-bean-scope>session</managed-bean-scope>
	</managed-bean>
	<managed-bean>
		<managed-bean-name>datos</managed-bean-name>
		<managed-bean-class>gob.bcb.bpm.pruebaCU.SocDatosmen</managed-bean-class>
		<managed-bean-scope>session</managed-bean-scope>
	</managed-bean>
	<managed-bean>
		<managed-bean-name>mens</managed-bean-name>
		<managed-bean-class>gob.bcb.bpm.pruebaCU.SocMensajes</managed-bean-class>
		<managed-bean-scope>session</managed-bean-scope>
	</managed-bean>
	<managed-bean>
		<managed-bean-name>opa</managed-bean-name>
		<managed-bean-class>gob.bcb.portal.sioc.transferencias.model.OrdenPago</managed-bean-class>
		<managed-bean-scope>session</managed-bean-scope>
	</managed-bean>
	<managed-bean>
		<managed-bean-name>venta</managed-bean-name>
		<managed-bean-class>gob.bcb.portal.sioc.transferencias.model.Venta</managed-bean-class>
		<managed-bean-scope>session</managed-bean-scope>
	</managed-bean>
	<managed-bean>
		<managed-bean-name>est</managed-bean-name>
		<managed-bean-class>gob.bcb.bpm.pruebaCU.SocEstadistica</managed-bean-class>
		<managed-bean-scope>session</managed-bean-scope>
	</managed-bean>
	<managed-bean>
		<managed-bean-name>solicitudS</managed-bean-name>
		<managed-bean-class>gob.bcb.portal.sioc.transferencias.model.SolicitudesS</managed-bean-class>
		<managed-bean-scope>session</managed-bean-scope>
	</managed-bean>
	<managed-bean>
		<managed-bean-name>operacionS</managed-bean-name>
		<managed-bean-class>gob.bcb.portal.sioc.transferencias.model.OperacionesS</managed-bean-class>
		<managed-bean-scope>session</managed-bean-scope>
	</managed-bean>
	<managed-bean>
		<managed-bean-name>benefiL</managed-bean-name>
		<managed-bean-class>gob.bcb.portal.sioc.transferencias.model.BeneficiarioL</managed-bean-class>
		<managed-bean-scope>session</managed-bean-scope>
	</managed-bean>
	
		
	<managed-bean>
		<managed-bean-name>solicitudController</managed-bean-name>
		<managed-bean-class>gob.bcb.portal.sioc.view.SolicitudController</managed-bean-class>
		<managed-bean-scope>session</managed-bean-scope>
	</managed-bean>
	<managed-bean>
		<managed-bean-name>solicitudTDController</managed-bean-name>
		<managed-bean-class>gob.bcb.portal.sioc.view.SolicitudTDController</managed-bean-class>
		<managed-bean-scope>session</managed-bean-scope>
	</managed-bean>	
	<managed-bean>
		<managed-bean-name>solicitudTDCCController</managed-bean-name>
		<managed-bean-class>gob.bcb.portal.sioc.view.SolicitudTDCCController</managed-bean-class>
		<managed-bean-scope>session</managed-bean-scope>
	</managed-bean>	
	
	<managed-bean>
		<managed-bean-name>solicitudSearchPanel</managed-bean-name>
		<managed-bean-class>gob.bcb.portal.sioc.view.SolicitudSearchPanel</managed-bean-class>
		<managed-bean-scope>session</managed-bean-scope>
	</managed-bean>
	<managed-bean>
		<managed-bean-name>mensajesController</managed-bean-name>
		<managed-bean-class>gob.bcb.portal.sioc.view.MensajesController</managed-bean-class>
		<managed-bean-scope>session</managed-bean-scope>
	</managed-bean>
	<managed-bean>
		<managed-bean-name>horaSolicitudesController</managed-bean-name>
		<managed-bean-class>gob.bcb.portal.sioc.view.HoraSolicitudesController</managed-bean-class>
		<managed-bean-scope>session</managed-bean-scope>
	</managed-bean>	
	<managed-bean>
		<managed-bean-name>genMonedasController</managed-bean-name>
		<managed-bean-class>gob.bcb.portal.sioc.view.GenMonedasController</managed-bean-class>
		<managed-bean-scope>session</managed-bean-scope>
	</managed-bean>	
	<managed-bean>
		<managed-bean-name>feriadoController</managed-bean-name>
		<managed-bean-class>gob.bcb.portal.sioc.view.FeriadoController</managed-bean-class>
		<managed-bean-scope>session</managed-bean-scope>
	</managed-bean>	
	<managed-bean>
		<managed-bean-name>usuariosController</managed-bean-name>
		<managed-bean-class>gob.bcb.portal.sioc.view.UsuariosController</managed-bean-class>
		<managed-bean-scope>session</managed-bean-scope>
	</managed-bean>	
	<managed-bean>
		<managed-bean-name>clavesController</managed-bean-name>
		<managed-bean-class>gob.bcb.portal.sioc.view.ClavesController</managed-bean-class>
		<managed-bean-scope>session</managed-bean-scope>
	</managed-bean>	
	<managed-bean>
		<managed-bean-name>parametrosSistController</managed-bean-name>
		<managed-bean-class>gob.bcb.portal.sioc.view.ParametrosSistController</managed-bean-class>
		<managed-bean-scope>session</managed-bean-scope>
	</managed-bean>	
	<managed-bean>
		<managed-bean-name>cuentasSolController</managed-bean-name>
		<managed-bean-class>gob.bcb.portal.sioc.view.CuentasSolController</managed-bean-class>
		<managed-bean-scope>session</managed-bean-scope>
	</managed-bean>	
	<managed-bean>
		<managed-bean-name>swfMensajeController</managed-bean-name>
		<managed-bean-class>gob.bcb.portal.sioc.view.SwfMensajeController</managed-bean-class>
		<managed-bean-scope>session</managed-bean-scope>
	</managed-bean>	
	<managed-bean>
		<managed-bean-name>socBenefslocController</managed-bean-name>
		<managed-bean-class>gob.bcb.portal.sioc.view.SocBenefslocController</managed-bean-class>
		<managed-bean-scope>session</managed-bean-scope>
	</managed-bean>
	<managed-bean>
		<managed-bean-name>socBenefsListController</managed-bean-name>
		<managed-bean-class>gob.bcb.portal.sioc.view.SocBenefsListController</managed-bean-class>
		<managed-bean-scope>session</managed-bean-scope>
	</managed-bean>
	<managed-bean>
		<managed-bean-name>socEstadisticaController</managed-bean-name>
		<managed-bean-class>gob.bcb.portal.sioc.view.SocEstadisticaController</managed-bean-class>
		<managed-bean-scope>session</managed-bean-scope>
	</managed-bean>
	<managed-bean>
		<managed-bean-name>socBenefsController</managed-bean-name>
		<managed-bean-class>gob.bcb.portal.sioc.view.SocBenefsController</managed-bean-class>
		<managed-bean-scope>session</managed-bean-scope>
	</managed-bean>	
	<application>
		<view-handler>com.sun.facelets.FaceletViewHandler</view-handler>
		<locale-config>
			<default-locale>es</default-locale>
		</locale-config>
	</application>	
<!-- 	<application> -->
<!-- 		<view-handler>org.jboss.portletbridge.application.PortletViewHandler</view-handler> -->
<!-- 		<state-manager>org.jboss.portletbridge.application.PortletStateManager</state-manager> -->
<!-- 		<locale-config> -->
<!-- 			<default-locale>es</default-locale> -->
<!-- 		</locale-config> -->
<!-- 		<message-bundle>gob.bcb.portal.sioc.transferencias.bundle.Messages</message-bundle> -->
<!-- 	</application> -->
</faces-config>
